acname,acvalue
IC50,151.5
EC50,151
EC50,150
EC50,150
EC50,150
IC50,145.75
IC50,133.5
IC50,130.5
IC50,123
IC50,120
IC50,120
Ki,100
IC50,100
IC50,100
IC50,100
IC50,100
IC50,100
IC50,100
IC50,100
IC50,100
EC50,100
EC50,100
EC50,100
EC50,100
EC50,100
Kd,100
Kd,100
EC50,100
Kd,100
IC50,100
IC50,100
IC50,100
IC50,100
IC50,100
IC50,100
IC50,100
IC50,100
IC50,100
IC50,100
IC50,100
IC50,100
IC50,100
IC50,100
IC50,100
IC50,100
IC50,100
IC50,100
IC50,100
IC50,100
IC50,100
IC50,100
IC50,100
IC50,100
IC50,100
IC50,100
IC50,100
IC50,100
IC50,100
IC50,100
IC50,100
IC50,100
IC50,100
IC50,100
EC50,94
IC50,86.34
IC50,86.2
IC50,85
IC50,85
IC50,85
IC50,85
IC50,85
IC50,85
IC50,85
IC50,83.9
IC50,80
IC50,78
EC50,78
EC50,77
IC50,77
IC50,76.6
EC50,75
IC50,74
IC50,71.2
IC50,71
IC50,66
IC50,62
IC50,60
IC50,57
IC50,55.3
IC50,55
EC50,55
IC50,52
IC50,50
IC50,50
EC50,47
EC50,45
EC50,44
IC50,44
IC50,43
EC50,43
IC50,43
IC50,42.9
EC50,42
IC50,37.4
IC50,35
IC50,34.924
IC50,33
IC50,32.4
Kd,32
IC50,31.6
EC50,31
IC50,30
ED50,30
IC50,30
IC50,30
IC50,30
ED50,30
ED50,30
ED50,30
ED50,30
ED50,30
ED50,30
ED50,30
ED50,30
IC50,30
IC50,30
IC50,29.6
Activity,28.6
IC50,27
EC50,27
Activity,26.8
EC50,26
Kd,26
IC50,25.704
IC50,25
IC50,25
IC50,25
IC50,25
IC50,25
IC50,25
IC50,25
IC50,25
IC50,25
IC50,25
IC50,25
IC50,25
IC50,25
IC50,25
IC50,25
IC50,25
IC50,24
IC50,23.6
IC50,23
IC50,22.4
IC50,22
IC50,22
IC50,22
IC50,21
IC50,21
IC50,20.2
IC50,20
IC50,20
IC50,20
IC50,20
IC50,20
IC50,20
IC50,20
IC50,20
IC50,20
IC50,20
IC50,20
IC50,20
IC50,20
IC50,20
IC50,20
IC50,20
IC50,20
IC50,20
IC50,20
IC50,20
IC50,20
IC50,20
IC50,20
IC50,20
IC50,20
IC50,20
IC50,20
IC50,20
IC50,20
IC50,20
IC50,20
IC50,20
IC50,20
IC50,20
IC50,20
IC50,20
IC50,20
IC50,20
Activity,19.3
IC50,19.1
IC50,19.0546
IC50,19.0546
IC50,19
IC50,19
IC50,19
IC50,19
IC50,19
IC50,19
IC50,19
IC50,19
IC50,19
IC50,19
IC50,19
IC50,19
IC50,19
IC50,19
IC50,19
IC50,19
IC50,19
IC50,19
IC50,19
IC50,19
IC50,19
IC50,19
IC50,19
IC50,19
IC50,19
IC50,19
IC50,19
IC50,19
IC50,19
IC50,19
IC50,19
IC50,19
IC50,19
IC50,19
IC50,19
IC50,19
IC50,19
IC50,19
IC50,19
IC50,19
IC50,19
IC50,19
IC50,19
IC50,19
IC50,19
IC50,19
IC50,19
IC50,19
IC50,19
IC50,19
IC50,19
IC50,19
IC50,19
IC50,19
IC50,19
IC50,19
IC50,19
IC50,19
IC50,19
IC50,19
IC50,19
IC50,19
IC50,19
IC50,19
IC50,18.77
IC50,18.7
IC50,18.31
IC50,18.2
IC50,18.187
IC50,18
EC50,18
IC50,17.9
IC50,17.1
IC50,17
IC50,17
IC50,17
IC50,16.7
IC50,16.6
IC50,16.6
IC50,16.4
IC50,16.2
EC50,16
EC50,16
EC50,16
IC50,16
IC50,15.8
Activity,15.4
IC50,15.4
IC50,15
Kd,15
EC50,15
EC50,15
IC50,14.85
IC50,14.7
IC50,14
IC50,14
EC50,14
EC50,14
EC50,14
IC50,14
IC50,13.95
IC50,13.9
IC50,13.4
IC50,13.4
IC50,13.21
IC50,13
IC50,12.399
IC50,12.09
IC50,12.02
IC50,12
IC50,11.292
IC50,11.23
IC50,11.2
IC50,11.2
IC50,11.2
IC50,11
IC50,11
Kd,11
EC50,11
EC50,11
EC50,11
EC50,11
IC50,10.98
IC50,10.82
IC50,10.7
IC50,10.63
IC50,10.5
IC50,10.5
IC50,10.4713
IC50,10.44
IC50,10.4
IC50,10.4
IC50,10
IC50,10
IC50,10
IC50,10
IC50,10
IC50,10
Kd,10
IC50,10
IC50,10
Ki,10
Ki,10
IC50,10
IC50,10
IC50,10
IC50,10
IC50,10
IC50,10
IC50,10
IC50,10
IC50,10
IC50,10
IC50,10
IC50,10
IC50,10
IC50,10
IC50,10
IC50,10
IC50,10
IC50,10
IC50,10
IC50,10
IC50,10
IC50,10
IC50,10
IC50,10
IC50,10
IC50,10
IC50,10
IC50,10
IC50,10
IC50,10
IC50,10
IC50,10
IC50,10
IC50,10
IC50,10
IC50,9.9
IC50,9.9
IC50,9.77237
IC50,9.72
IC50,9.7
IC50,9.57
IC50,9.54993
IC50,9.54993
IC50,9.5
IC50,9.5
Ki,9.5
IC50,9.45
ED50,9.44
IC50,9.4
IC50,9.38
IC50,9.35
IC50,9.332
EC50,9.33
IC50,9.3
Ki,9.22
EC50,9.18
IC50,9.1
IC50,9.1
IC50,9.1
IC50,9.01
IC50,9.005
EC50,9
EC50,9
EC50,9
IC50,8.96
IC50,8.91251
IC50,8.9
IC50,8.89
IC50,8.886
IC50,8.84
IC50,8.8
IC50,8.72
IC50,8.6
IC50,8.6
IC50,8.52
IC50,8.5
IC50,8.44
IC50,8.4
IC50,8.31764
IC50,8.3
IC50,8.2
IC50,8.167
IC50,8.1
IC50,8.08
IC50,7.81
IC50,7.63
EC90,7.6
IC50,7.6
IC50,7.58578
IC50,7.5
IC50,7.5
IC50,7.5
IC50,7.5
IC50,7.5
IC50,7.4131
IC50,7.3
IC50,7.1
IC50,7.07946
IC50,7.04
IC50,7
IC50,7
IC50,6.8
IC50,6.8
EC90,6.7
IC50,6.7
IC50,6.60693
IC50,6.60693
IC50,6.6
IC50,6.6
IC50,6.56
IC50,6.5
IC50,6.5
IC50,6.5
IC50,6.5
IC50,6.46
IC50,6.45654
IC50,6.429
IC50,6.429
IC50,6.34
IC50,6.3
EC90,6.2
EC90,6.2
IC50,6.1
IC50,6.1
IC50,6.09
IC50,6
IC50,5.96
IC50,5.9
IC50,5.88
IC50,5.87
IC50,5.8
IC50,5.8
IC50,5.78
IC50,5.75
IC50,5.7
IC50,5.65
IC50,5.63
IC50,5.62341
IC50,5.62341
IC50,5.61
IC50,5.6
EC90,5.6
IC50,5.6
IC50,5.5
IC50,5.4
IC50,5.4
IC50,5.33
IC50,5.31
IC50,5.3
EC50,5.2
Kd,5.2
IC50,5.14
EC50,5.04
IC50,5.03
IC50,5.01187
IC50,5.01187
IC50,5.01187
IC50,5.01187
IC50,5
EC50,5
EC50,5
IC50,5
Ki,5
IC50,5
IC50,5
EC90,5
EC50,5
EC50,5
IC50,5
IC50,5
IC50,5
IC50,5
IC50,5
IC50,5
IC50,5
IC50,4.86
IC50,4.82
IC50,4.81
IC50,4.81
IC50,4.8
IC50,4.8
IC50,4.78
IC50,4.7
IC50,4.65
IC50,4.65
EC50,4.6
IC50,4.59
IC50,4.533
IC50,4.5
IC50,4.5
IC50,4.46684
EC90,4.4
EC50,4.4
IC50,4.4
IC50,4.4
IC50,4.397
IC50,4.36516
Ki,4.31
IC50,4.3
IC50,4.27
IC50,4.2658
Ki,4.21
IC50,4.2
IC50,4.139
Ki,4.12
IC50,4.11
IC50,4.1
ED50,4.02
EC50,4
IC50,4
IC50,4
IC50,4
IC50,4
IC50,4
IC50,4
IC50,4
IC50,4
IC50,4
IC50,4
IC50,4
IC50,4
IC50,4
IC50,4
IC50,4
IC50,3.9
IC50,3.881
IC50,3.85
IC50,3.76
IC50,3.71535
IC50,3.7
EC50,3.7
IC50,3.7
IC50,3.7
EC50,3.7
IC50,3.7
IC50,3.63078
IC50,3.62
IC50,3.62
IC50,3.6
IC50,3.6
IC50,3.54
IC50,3.51286
EC50,3.5
EC50,3.5
IC50,3.46
IC50,3.4
EC50,3.4
IC50,3.4
IC50,3.32875
IC50,3.31
Ki,3.3
IC50,3.3
IC50,3.3
IC50,3.26
IC50,3.23
EC50,3.2
Ki,3.2
IC50,3.2
IC50,3.19
IC50,3.118
IC50,3.11
IC50,3.105
Ki,3.1
Ki,3.1
Ki,3.1
Activity,3.1
IC50,3.1
IC50,3.07
IC50,3.02
IC50,3
IC50,3
IC50,3
IC50,3
EC50,3
IC50,3
IC50,3
IC50,3
IC50,3
IC50,3
IC50,3
IC50,3
EC50,3
IC50,3
IC50,2.969
IC50,2.96
ED50,2.91
IC50,2.9
EC50,2.9
IC50,2.9
IC50,2.863
IC50,2.85
ED50,2.81
EC50,2.8
EC50,2.8
IC50,2.718
EC50,2.7
EC90,2.7
IC50,2.7
IC50,2.697
IC50,2.69153
IC50,2.65
IC50,2.64
Ki,2.61
IC50,2.6
IC50,2.6
Kd,2.59
IC50,2.586
IC50,2.54
IC50,2.535
ED50,2.53
ED50,2.51
IC50,2.5
IC50,2.5
IC50,2.5
IC50,2.5
IC50,2.5
Ki,2.49
IC50,2.45471
IC50,2.45471
IC50,2.45
IC50,2.43
ED50,2.41
IC50,2.404
EC50,2.4
IC50,2.4
IC50,2.4
IC50,2.4
IC50,2.395
Ki,2.34
IC50,2.3
IC50,2.3
IC50,2.3
IC50,2.28
Ki,2.28
IC50,2.25
IC50,2.22
IC50,2.22
Ki,2.21
IC50,2.2
IC50,2.2
IC50,2.2
ED50,2.19
IC50,2.15
IC50,2.14
IC50,2.14
Ki,2.13
IC50,2.12
IC50,2.12
Ki,2.11
EC90,2.1
IC50,2.1
IC50,2.1
IC50,2.07
IC50,2.05
IC50,2.04
Ki,2.03
IC50,2.01
EC50,2.01
EC50,2
IC50,2
EC90,2
ED50,2
IC50,2
IC50,2
IC50,2
IC50,1.99526
IC50,1.99
IC50,1.98
IC50,1.97
IC50,1.96
IC50,1.96
Ki,1.96
IC50,1.92
IC50,1.9
Activity,1.9
IC50,1.9
IC50,1.9
IC50,1.9
Kd,1.88
Ki,1.88
ED50,1.86
IC50,1.86
IC50,1.8415
Ki,1.82
IC50,1.82
IC50,1.81
IC50,1.8
IC50,1.8
IC50,1.8
Ki,1.77
Kd,1.76
IC50,1.75
IC50,1.72
Ki,1.72
IC50,1.72
Ki,1.71
EC50,1.7
Ki,1.7
IC50,1.7
IC50,1.7
IC50,1.673
IC50,1.66
IC50,1.6347
Ki,1.63
IC50,1.62181
IC50,1.62
Ki,1.61
IC50,1.6
EC50,1.6
ED50,1.6
IC50,1.6
IC50,1.6
IC50,1.6
IC50,1.6
IC50,1.6
Ki,1.59
EC50,1.59
IC50,1.589
Ki,1.57
IC50,1.56
IC50,1.56
IC50,1.54882
Ki,1.54
IC50,1.54
IC50,1.54
IC50,1.53
IC50,1.52
IC50,1.52
EC50,1.51
IC50,1.5
IC50,1.5
Ki,1.489
IC50,1.48
IC50,1.48
IC50,1.452
Ki,1.45
Ki,1.44
Ki,1.44
IC50,1.43
IC50,1.419
IC50,1.4
IC50,1.4
EC50,1.4
IC50,1.4
IC50,1.4
IC50,1.39
IC50,1.39
IC50,1.39
IC50,1.38038
IC50,1.3714
IC50,1.37
IC50,1.37
IC50,1.361
IC50,1.34
IC50,1.32
Kd,1.32
IC50,1.3
EC50,1.3
IC50,1.3
IC50,1.3
IC50,1.3
IC50,1.295
ED50,1.29
IC50,1.28
IC50,1.28
IC50,1.28
IC50,1.2797
IC50,1.263
ED50,1.26
ED50,1.26
Ki,1.26
IC50,1.25893
IC50,1.255
Ki,1.25
Kd,1.25
IC50,1.244
IC50,1.237
Ki,1.23
IC50,1.21
IC50,1.21
IC50,1.21
IC50,1.2
EC50,1.2
EC50,1.2
IC50,1.2
IC50,1.2
IC50,1.2
IC50,1.2
IC50,1.2
IC50,1.193
IC50,1.191
IC50,1.19
IC50,1.19
IC50,1.18
IC50,1.18
IC50,1.17
IC50,1.16
IC50,1.15
IC50,1.14
Ki,1.14
IC50,1.14
IC50,1.12202
Ki,1.12
IC50,1.12
IC50,1.118
IC50,1.105
IC50,1.101
IC50,1.1
IC50,1.1
IC50,1.1
EC50,1.1
EC50,1.1
EC50,1.1
IC50,1.1
IC50,1.1
IC50,1.1
IC50,1.1
IC50,1.1
IC50,1.1
IC50,1.1
IC50,1.09
IC50,1.08286
IC50,1.08
IC50,1.08
IC50,1.0756
IC50,1.07152
IC50,1.07
IC50,1.07
IC50,1.07
IC50,1.06
IC50,1.055
Ki,1.05
Ki,1.05
IC50,1.05
Ki,1.04
IC50,1.034
IC50,1.03381
IC50,1.03
Ki,1.03
IC50,1.03
IC50,1.02
Ki,1.01
IC50,1.008
IC50,1
IC50,1
IC50,1
ED50,1
IC50,1
IC50,1
IC50,1
IC50,1
IC50,1
IC50,1
IC50,1
EC50,1
EC50,1
EC50,1
EC50,1
EC50,1
EC50,1
IC50,1
IC50,1
IC50,1
IC50,1
IC50,1
IC50,1
IC50,1
IC50,1
IC50,1
IC50,1
EC50,1
IC50,1
EC50,1
EC50,1
IC50,1
IC50,1
IC50,1
IC50,1
IC50,0.9834
IC50,0.98
IC50,0.9765
IC50,0.97
EC90,0.97
IC50,0.97
IC50,0.968
Ki,0.963
Ki,0.963
IC50,0.96
IC50,0.951
IC50,0.95
IC50,0.95
IC50,0.949
EC50,0.945
Ki,0.943
IC50,0.94
IC50,0.939
IC50,0.938
IC50,0.93
IC50,0.93
IC50,0.93
IC50,0.93
IC50,0.92
Ki,0.912
IC50,0.91
Ki,0.9
IC50,0.9
IC50,0.9
EC50,0.9
IC50,0.9
EC50,0.9
EC90,0.9
IC50,0.9
IC50,0.9
IC50,0.9
IC50,0.9
Ki,0.892
IC50,0.891
ED50,0.89
IC50,0.89
IC50,0.88
IC50,0.88
IC50,0.88
IC50,0.877
Ki,0.87
Kd,0.87
IC50,0.868
IC50,0.8653
EC50,0.865
EC50,0.864
Ki,0.862
IC50,0.86
IC50,0.857
IC50,0.856
Ki,0.856
IC50,0.854
IC50,0.85114
IC50,0.85114
IC50,0.85
EC50,0.84
ED50,0.84
Ki,0.84
IC50,0.83
IC50,0.83
IC50,0.825
IC50,0.82
IC50,0.82
IC50,0.82
IC50,0.81827
IC50,0.818
IC50,0.813
IC50,0.81283
Ki,0.809
Ki,0.809
IC50,0.8
IC50,0.8
IC50,0.8
EC50,0.8
EC50,0.8
IC50,0.8
IC50,0.8
IC50,0.8
ED50,0.8
IC50,0.8
IC50,0.8
IC50,0.8
IC50,0.8
IC50,0.8
IC50,0.795
Ki,0.794
IC50,0.793
IC50,0.79
Ki,0.789
IC50,0.782
IC50,0.78
Kd,0.78
IC50,0.78
Ki,0.776
IC50,0.774
Ki,0.771
IC50,0.77
IC50,0.77
IC50,0.77
IC50,0.77
ED50,0.77
IC50,0.77
Ki,0.766
IC50,0.76
IC50,0.76
Kd,0.76
IC50,0.76
IC50,0.753
IC50,0.753
IC50,0.75
IC50,0.75
IC50,0.745
IC50,0.74131
Ki,0.741
ED50,0.74
ED50,0.74
EC90,0.74
IC50,0.74
ED50,0.73
IC50,0.73
Ki,0.725
IC50,0.72444
Ki,0.724
EC50,0.72
IC50,0.72
IC50,0.72
IC50,0.718
IC50,0.71
IC50,0.71
IC50,0.708
EC50,0.707
Ki,0.703
IC50,0.7
EC50,0.7
IC50,0.7
IC50,0.7
IC50,0.7
EC50,0.7
IC50,0.7
IC50,0.7
IC50,0.7
IC50,0.7
Ki,0.7
Ki,0.698
IC50,0.695
Ki,0.694
Ki,0.692
Ki,0.691
EC50,0.69
IC50,0.69
IC50,0.685
Ki,0.683
IC50,0.682
Ki,0.682
EC90,0.68
Ki,0.678
Ki,0.673
IC50,0.67
Ki,0.662
IC50,0.66067
EC50,0.66
Ki,0.655
IC50,0.652
IC50,0.651
IC50,0.65
EC50,0.65
EC50,0.65
EC50,0.646
IC50,0.645
Ki,0.644
IC50,0.644
IC50,0.6424
IC50,0.64
Ki,0.639
Ki,0.638
IC50,0.636
Ki,0.635
EC90,0.63
IC50,0.63
IC50,0.63
EC50,0.63
IC50,0.62668
Ki,0.626
EC50,0.625
Kd,0.62
IC50,0.62
IC50,0.62
Ki,0.617
EC50,0.61
EC50,0.61
ED50,0.61
Ki,0.61
IC50,0.61
IC50,0.61
Ki,0.609
Ki,0.606
EC50,0.6
IC50,0.6
IC50,0.6
IC50,0.6
IC50,0.6
IC50,0.6
IC50,0.6
IC50,0.6
IC50,0.6
IC50,0.59
Ki,0.589
IC50,0.58884
EC50,0.58
ED50,0.58
ED50,0.58
Ki,0.58
Ki,0.578
Ki,0.576
EC50,0.573
IC50,0.57
IC50,0.57
Ki,0.57
IC50,0.5648
IC50,0.56234
Ki,0.562
IC50,0.56
IC50,0.56
IC50,0.56
IC50,0.56
IC50,0.56
IC50,0.559
Ki,0.556
Ki,0.556
IC50,0.555
Ki,0.554
IC50,0.5516
EC50,0.55
IC50,0.55
ED50,0.55
Ki,0.548
IC50,0.544
IC50,0.54
IC50,0.54
IC50,0.54
IC50,0.54
ED50,0.54
IC50,0.54
IC50,0.54
IC50,0.536
Ki,0.534
Ki,0.534
IC50,0.531
Ki,0.531
Ki,0.53
IC50,0.528
IC50,0.5261
IC50,0.52
IC50,0.52
IC50,0.5192
Ki,0.519
Ki,0.516
IC50,0.512
IC50,0.51
IC50,0.51
IC50,0.51
IC50,0.51
IC50,0.51
IC50,0.504
IC50,0.504
IC50,0.50191
IC50,0.5017
IC50,0.50119
IC50,0.5
IC50,0.5
IC50,0.5
EC50,0.5
EC50,0.5
EC50,0.5
EC50,0.5
IC50,0.5
IC50,0.5
IC50,0.5
IC50,0.5
IC50,0.5
IC50,0.5
ED50,0.5
IC50,0.5
IC50,0.5
IC50,0.5
IC50,0.5
IC50,0.5
IC50,0.5
IC50,0.495
IC50,0.49
IC50,0.49
IC50,0.49
IC50,0.49
Ki,0.487
IC50,0.481
Ki,0.48
IC50,0.48
IC50,0.47863
Ki,0.477
Ki,0.473
Ki,0.471
IC50,0.47
IC50,0.467
EC50,0.467
Ki,0.467
IC50,0.467
IC50,0.4654
IC50,0.465
Ki,0.462
EC50,0.461
ED50,0.46
IC50,0.46
IC50,0.46
IC50,0.457
IC50,0.4528
IC50,0.45
IC50,0.45
EC50,0.45
EC90,0.45
IC50,0.45
IC50,0.45
Ki,0.446
IC50,0.446
IC50,0.445
IC50,0.4432
Ki,0.442
EC50,0.44
Ki,0.436
IC50,0.435
IC50,0.43419
IC50,0.434
IC50,0.4335
IC50,0.43239
Ki,0.431
IC50,0.4309
EC90,0.43
IC50,0.4281
IC50,0.424
EC50,0.42
IC50,0.42
Ki,0.411
IC50,0.41
EC50,0.41
IC50,0.41
Kd,0.41
IC50,0.41
IC50,0.41
Ki,0.404
Ki,0.403
Ki,0.402
EC50,0.4
EC50,0.4
IC50,0.4
IC50,0.4
EC50,0.4
EC50,0.4
IC50,0.4
IC50,0.4
IC50,0.4
EC50,0.4
IC50,0.4
IC50,0.4
IC50,0.4
IC50,0.4
EC50,0.4
Ki,0.396
Ki,0.395
IC50,0.394
Ki,0.391
IC50,0.39
IC50,0.39
Ki,0.39
Ki,0.39
Ki,0.39
IC50,0.39
IC50,0.39
IC50,0.38905
IC50,0.38905
IC50,0.388
IC50,0.3865
Ki,0.384
IC50,0.382
Ki,0.38
Activity,0.38
Activity,0.38
Ki,0.377
IC50,0.376
EC50,0.374
Ki,0.374
EC50,0.372
Ki,0.372
Ki,0.372
IC50,0.37
Ki,0.37
IC50,0.37
IC50,0.37
IC50,0.37
IC50,0.37
IC50,0.36898
IC50,0.36308
Ki,0.363
Ki,0.363
IC50,0.36184
EC50,0.36
ED50,0.36
IC50,0.357
IC50,0.356
IC50,0.35481
IC50,0.354
Ki,0.351
Ki,0.35
IC50,0.35
IC50,0.35
IC50,0.35
EC50,0.35
ED50,0.35
IC50,0.35
Kd,0.35
IC50,0.35
IC50,0.35
IC50,0.35
IC50,0.349
IC50,0.349
Ki,0.347
Ki,0.346
IC50,0.346
IC50,0.345
IC50,0.343
IC50,0.34029
IC50,0.34
IC50,0.34
IC50,0.339
Ki,0.338
Ki,0.337
Ki,0.337
Ki,0.335
EC50,0.33
IC50,0.33
Kd,0.33
IC50,0.33
EC50,0.328
Ki,0.324
IC50,0.3237
IC50,0.32
ED50,0.32
Kd,0.32
IC50,0.32
IC50,0.32
IC50,0.32
Ki,0.319
Ki,0.316
IC50,0.316
IC50,0.316
Ki,0.314
IC50,0.312
IC50,0.311
EC50,0.311
IC50,0.311
EC50,0.31
EC90,0.31
IC50,0.31
IC50,0.31
Ki,0.309
Ki,0.307
Ki,0.306
Ki,0.304
IC50,0.304
Ki,0.304
IC50,0.304
Ki,0.303
IC50,0.302
IC50,0.302
IC50,0.301
EC50,0.3
IC50,0.3
IC50,0.3
EC50,0.3
IC50,0.3
IC50,0.3
EC50,0.3
IC50,0.3
IC50,0.3
IC50,0.3
IC50,0.3
IC50,0.3
IC50,0.3
IC50,0.3
IC50,0.3
IC50,0.3
IC50,0.3
IC50,0.3
IC50,0.299
IC50,0.2966
Kd,0.296
IC50,0.2959
Ki,0.292
Ki,0.291
IC50,0.29
Ki,0.29
EC50,0.29
Kd,0.29
Ki,0.29
IC50,0.29
IC50,0.29
IC50,0.29
IC50,0.289
IC50,0.286
Ki,0.286
Ki,0.286
Ki,0.286
EC50,0.285
Ki,0.285
IC50,0.284
IC50,0.284
Ki,0.283
Ki,0.28
EC50,0.28
EC50,0.28
ED50,0.28
EC90,0.28
IC50,0.28
IC50,0.28
IC50,0.28
Ki,0.28
Ki,0.279
IC50,0.277
Ki,0.277
IC50,0.277
IC50,0.27542
IC50,0.274
IC50,0.274
Ki,0.272
EC50,0.271
IC50,0.27
IC50,0.27
IC50,0.27
IC50,0.27
IC50,0.27
IC50,0.27
IC50,0.27
IC50,0.27
IC50,0.267
IC50,0.266
Ki,0.263
Ki,0.263
Ki,0.261
EC50,0.26
IC50,0.26
IC50,0.26
IC50,0.26
Ki,0.259
IC50,0.25704
IC50,0.257
Ki,0.257
EC50,0.256
IC50,0.25
IC50,0.25
IC50,0.25
Kd,0.25
EC50,0.25
Ki,0.25
Kd,0.25
IC50,0.25
IC50,0.25
IC50,0.25
IC50,0.2497
IC50,0.2495
Ki,0.249
IC50,0.249
IC50,0.249
Ki,0.249
IC50,0.24869
IC50,0.248
Ki,0.248
IC50,0.247
IC50,0.244
IC50,0.244
IC50,0.243
Ki,0.243
Ki,0.242
IC50,0.24049
IC50,0.24
IC50,0.24
IC50,0.24
Ki,0.24
Ki,0.24
IC50,0.24
IC50,0.24
IC50,0.24
IC50,0.24
Ki,0.239
Ki,0.238
Ki,0.238
IC50,0.237
Ki,0.237
IC50,0.23442
IC50,0.234
IC50,0.2337
IC50,0.232
IC50,0.231
Ki,0.23
IC50,0.23
IC50,0.23
EC50,0.23
EC50,0.23
IC50,0.23
IC50,0.23
IC50,0.23
IC50,0.23
IC50,0.23
IC50,0.23
IC50,0.23
Ki,0.229
EC50,0.225
Ki,0.225
IC50,0.2249
IC50,0.224
IC50,0.22387
IC50,0.22387
IC50,0.223
Ki,0.223
IC50,0.223
Ki,0.222
ED50,0.22
EC90,0.22
IC50,0.22
IC50,0.22
IC50,0.22
Kd,0.22
IC50,0.22
Kd,0.22
IC50,0.22
Ki,0.219
IC50,0.21851
IC50,0.2162
EC50,0.216
Ki,0.216
Ki,0.212
IC50,0.21
EC50,0.21
IC50,0.21
IC50,0.21
Ki,0.21
IC50,0.21
IC50,0.209
EC50,0.2069
Ki,0.206
Ki,0.206
Ki,0.205
Ki,0.204
Ki,0.204
Ki,0.204
Ki,0.203
IC50,0.2019
Ki,0.2
IC50,0.2
EC50,0.2
EC50,0.2
EC50,0.2
Kd,0.2
IC50,0.2
IC50,0.2
EC50,0.2
IC50,0.2
IC50,0.2
IC50,0.2
IC50,0.2
IC50,0.2
IC50,0.2
IC50,0.2
EC50,0.2
EC50,0.2
IC50,0.2
IC50,0.2
EC50,0.2
IC50,0.2
IC50,0.2
IC50,0.2
IC50,0.2
IC50,0.199
Ki,0.198
IC50,0.197
IC50,0.197
IC50,0.1961
Ki,0.196
IC50,0.195
Ki,0.195
IC50,0.19498
IC50,0.19498
IC50,0.19498
Ki,0.194
Ki,0.191
Ki,0.191
Ki,0.191
Ki,0.191
Ki,0.19
Ki,0.19
IC50,0.19
EC50,0.19
IC50,0.19
IC50,0.19
IC50,0.19
IC50,0.19
IC50,0.19
IC50,0.19
IC50,0.19
IC50,0.19
IC50,0.19
IC50,0.189
IC50,0.189
IC50,0.188
IC50,0.188
IC50,0.187
IC50,0.1866
IC50,0.185
Ki,0.185
Ki,0.185
Ki,0.185
IC50,0.18496
IC50,0.184
IC50,0.18
EC50,0.18
IC50,0.18
IC50,0.18
IC50,0.18
IC50,0.18
Ki,0.18
EC50,0.18
IC50,0.18
IC50,0.18
EC50,0.18
IC50,0.18
EC50,0.18
EC50,0.18
IC50,0.18
Ki,0.18
IC50,0.18
IC50,0.18
IC50,0.18
IC50,0.18
IC50,0.18
Kd,0.18
IC50,0.1792
Ki,0.177
Ki,0.176
IC50,0.176
Ki,0.176
EC50,0.1757
IC50,0.175
Ki,0.175
IC50,0.1749
IC50,0.174
IC50,0.173
IC50,0.173
Ki,0.173
Ki,0.173
Ki,0.173
Ki,0.172
EC50,0.171
IC50,0.171
IC50,0.1702
IC50,0.17
EC50,0.17
EC50,0.17
Kd,0.17
IC50,0.17
IC50,0.17
IC50,0.169
IC50,0.169
IC50,0.169
IC50,0.167
Ki,0.167
IC50,0.16615
IC50,0.166
Ki,0.166
IC50,0.16596
IC50,0.165
IC50,0.165
Ki,0.165
Ki,0.165
EC50,0.164
Ki,0.164
EC50,0.164
Ki,0.163
IC50,0.162
IC50,0.162
IC50,0.162
IC50,0.161
IC50,0.161
Ki,0.161
EC50,0.16
EC50,0.16
IC50,0.16
IC50,0.16
IC50,0.16
EC50,0.16
EC50,0.16
Kd,0.16
Ki,0.16
IC50,0.16
Ki,0.159
Ki,0.158
Ki,0.158
Ki,0.157
IC50,0.1567
IC50,0.15653
IC50,0.156
Ki,0.156
Ki,0.154
Ki,0.154
Ki,0.154
IC50,0.153
IC50,0.152
IC50,0.152
Ki,0.151
IC50,0.15
IC50,0.15
IC50,0.15
Kd,0.15
IC50,0.15
EC50,0.15
EC50,0.15
IC50,0.15
Kd,0.15
Ki,0.15
IC50,0.15
IC50,0.15
IC50,0.15
Ki,0.149
EC50,0.149
Ki,0.149
IC50,0.1486
IC50,0.148
Ki,0.148
IC50,0.147
IC50,0.147
Ki,0.146
IC50,0.145
IC50,0.14454
IC50,0.144
Ki,0.144
Ki,0.144
Ki,0.143
IC50,0.142
IC50,0.142
IC50,0.1414
IC50,0.141
IC50,0.14083
Ki,0.14
EC50,0.14
IC50,0.14
IC50,0.14
IC50,0.14
Ki,0.14
EC90,0.14
IC50,0.14
IC50,0.14
EC50,0.14
Ki,0.14
IC50,0.14
IC50,0.14
IC50,0.14
Kd,0.14
Kd,0.14
IC50,0.14
IC50,0.14
IC50,0.1395
IC50,0.139
IC50,0.139
IC50,0.1385
IC50,0.1376
Ki,0.136
IC50,0.136
IC50,0.136
Ki,0.136
Ki,0.136
IC50,0.136
IC50,0.134
EC50,0.134
IC50,0.134
Ki,0.134
Ki,0.133
IC50,0.133
Ki,0.133
Kd,0.132
Ki,0.132
IC50,0.132
IC50,0.132
IC50,0.13183
IC50,0.131
Ki,0.131
Ki,0.131
Ki,0.13
EC50,0.13
IC50,0.13
IC50,0.13
IC50,0.13
EC50,0.13
IC50,0.13
IC50,0.13
IC50,0.13
IC50,0.13
IC50,0.13
IC50,0.13
IC50,0.13
IC50,0.13
IC50,0.13
IC50,0.13
IC50,0.13
IC50,0.13
IC50,0.13
IC50,0.1297
IC50,0.128
IC50,0.128
IC50,0.12754
Ki,0.127
Ki,0.126
Ki,0.126
Ki,0.126
Ki,0.125
Ki,0.124
Ki,0.124
IC50,0.1236
Ki,0.123
IC50,0.123
EC50,0.123
EC50,0.123
Ki,0.123
IC50,0.123
Ki,0.122
EC50,0.122
Ki,0.122
Ki,0.122
Ki,0.121
Ki,0.121
EC50,0.121
Ki,0.121
IC50,0.12
EC50,0.12
IC50,0.12
IC50,0.12
IC50,0.12
EC50,0.12
IC50,0.12
IC50,0.12
Ki,0.12
Ki,0.12
Ki,0.12
IC50,0.12
IC50,0.12
IC50,0.12
Kd,0.12
IC50,0.12
IC50,0.12
IC50,0.119
IC50,0.119
IC50,0.119
IC50,0.119
Ki,0.119
IC50,0.118
Ki,0.118
IC50,0.116
IC50,0.116
IC50,0.116
IC50,0.116
Ki,0.116
Ki,0.116
IC50,0.116
Ki,0.115
EC50,0.115
IC50,0.11409
IC50,0.114
IC50,0.113
Kd,0.113
IC50,0.1122
IC50,0.1122
IC50,0.112
Ki,0.112
Ki,0.112
IC50,0.112
IC50,0.111
IC50,0.111
EC50,0.111
Ki,0.111
IC50,0.111
IC50,0.1103
IC50,0.11
IC50,0.11
Kd,0.11
Ki,0.11
IC50,0.11
IC50,0.11
IC50,0.11
EC50,0.11
EC50,0.11
IC50,0.11
IC50,0.11
EC50,0.11
EC50,0.11
IC50,0.11
IC50,0.11
Ki,0.11
IC50,0.11
IC50,0.11
IC50,0.11
IC50,0.11
IC50,0.11
IC50,0.11
IC50,0.10965
IC50,0.1095
IC50,0.109
IC50,0.108
Ki,0.108
IC50,0.108
IC50,0.1078
IC50,0.107
IC50,0.106
Ki,0.105
IC50,0.105
IC50,0.105
Ki,0.105
IC50,0.105
IC50,0.105
Ki,0.105
IC50,0.1049
IC50,0.104
IC50,0.103
IC50,0.103
Ki,0.103
Ki,0.103
IC50,0.103
IC50,0.103
EC50,0.102
Ki,0.102
IC50,0.101
IC50,0.101
Ki,0.101
IC50,0.101
IC50,0.1008
IC50,0.1001
IC50,0.1
EC50,0.1
EC50,0.1
EC50,0.1
EC50,0.1
EC50,0.1
EC50,0.1
EC50,0.1
IC50,0.1
IC50,0.1
IC50,0.1
IC50,0.1
IC50,0.1
IC50,0.1
IC50,0.1
IC50,0.1
IC50,0.1
IC50,0.1
IC50,0.1
IC50,0.1
Ki,0.1
IC50,0.1
IC50,0.1
IC50,0.1
IC50,0.1
IC50,0.1
IC50,0.1
IC50,0.1
IC50,0.1
IC50,0.1
IC50,0.1
IC50,0.1
IC50,0.1
IC50,0.1
IC50,0.1
IC50,0.1
IC50,0.1
IC50,0.1
IC50,0.1
IC50,0.1
IC50,0.1
IC50,0.1
IC50,0.1
IC50,0.1
IC50,0.1
IC50,0.1
IC50,0.1
Ki,0.099
IC50,0.099
Ki,0.099
IC50,0.099
Ki,0.099
Ki,0.099
IC50,0.099
IC50,0.09874
IC50,0.098
IC50,0.098
Ki,0.098
Ki,0.098
IC50,0.098
IC50,0.09772
IC50,0.0976
EC50,0.097
IC50,0.097
IC50,0.097
IC50,0.097
IC50,0.097
IC50,0.097
IC50,0.097
IC50,0.097
IC50,0.0968
Ki,0.096
Kd,0.096
Ki,0.096
Ki,0.096
IC50,0.0955
IC50,0.0955
EC50,0.095
Ki,0.095
Ki,0.095
IC50,0.095
IC50,0.09488
EC50,0.094
EC50,0.094
IC50,0.094
Ki,0.094
Ki,0.094
IC50,0.09327
Ki,0.093
IC50,0.0928
IC50,0.0927
IC50,0.0926
IC50,0.092
Ki,0.092
Ki,0.092
Ki,0.092
IC50,0.092
IC50,0.092
IC50,0.092
IC50,0.09147
IC50,0.0914
Ki,0.091
Ki,0.091
IC50,0.09
IC50,0.09
IC50,0.09
IC50,0.09
IC50,0.09
IC50,0.09
IC50,0.09
IC50,0.09
Kd,0.09
IC50,0.09
IC50,0.09
IC50,0.09
IC50,0.09
IC50,0.0896
IC50,0.089
IC50,0.089
IC50,0.088
IC50,0.088
Ki,0.088
IC50,0.088
IC50,0.088
IC50,0.0876
IC50,0.0874
Ki,0.087
IC50,0.087
Kd,0.087
EC50,0.087
Ki,0.087
Ki,0.087
IC50,0.08632
IC50,0.086
IC50,0.086
Ki,0.086
Ki,0.086
Ki,0.086
IC50,0.086
IC50,0.08553
IC50,0.08511
Ki,0.085
IC50,0.085
Ki,0.085
Ki,0.085
Ki,0.085
IC50,0.08496
IC50,0.084
IC50,0.084
Kd,0.084
Ki,0.084
IC50,0.08397
IC50,0.0834
IC50,0.083
IC50,0.083
IC50,0.083
IC50,0.083
Ki,0.083
Ki,0.083
IC50,0.083
IC50,0.083
IC50,0.082
EC50,0.082
Ki,0.082
Ki,0.082
Ki,0.082
Ki,0.082
IC50,0.081
IC50,0.081
IC50,0.081
IC50,0.0802
EC50,0.08
IC50,0.08
IC50,0.08
EC50,0.08
EC50,0.08
IC50,0.08
IC50,0.08
IC50,0.08
IC50,0.08
Kd,0.08
IC50,0.08
Kd,0.08
IC50,0.08
IC50,0.08
Kd,0.08
IC50,0.08
IC50,0.07943
IC50,0.0792
Ki,0.079
Ki,0.079
Ki,0.079
IC50,0.079
IC50,0.079
IC50,0.079
IC50,0.079
Ki,0.079
IC50,0.079
IC50,0.079
IC50,0.079
IC50,0.07862
IC50,0.078
Ki,0.078
IC50,0.077
Ki,0.077
IC50,0.077
EC50,0.0761
EC50,0.076
IC50,0.076
Ki,0.076
Ki,0.076
IC50,0.07586
IC50,0.075
EC50,0.075
EC50,0.075
Kd,0.075
Ki,0.075
IC50,0.075
IC50,0.075
EC50,0.075
IC50,0.07413
IC50,0.0741
IC50,0.074
Ki,0.074
Ki,0.074
IC50,0.073
IC50,0.07234
Kd,0.072
IC50,0.0719
IC50,0.071
IC50,0.071
IC50,0.071
EC50,0.071
IC50,0.071
IC50,0.071
IC50,0.071
Ki,0.071
Ki,0.071
IC50,0.0707
IC50,0.0706
IC50,0.0705
Ki,0.07
EC50,0.07
IC50,0.07
IC50,0.07
IC50,0.07
EC50,0.07
EC50,0.07
EC50,0.07
EC50,0.07
IC50,0.07
Ki,0.07
IC50,0.07
Ki,0.07
Ki,0.07
Ki,0.07
IC50,0.07
Kd,0.07
IC50,0.07
IC50,0.07
IC50,0.07
IC50,0.07
IC50,0.07
IC50,0.07
IC50,0.07
IC50,0.06918
Ki,0.069
Ki,0.069
Ki,0.069
IC50,0.0689
IC50,0.06815
Ki,0.068
EC50,0.068
IC50,0.068
IC50,0.068
EC50,0.068
Ki,0.068
Ki,0.068
Ki,0.068
Ki,0.068
IC50,0.068
IC50,0.06761
IC50,0.0671
EC50,0.067
IC50,0.067
Ki,0.067
IC50,0.067
IC50,0.0661
IC50,0.06607
IC50,0.06607
IC50,0.06607
IC50,0.066
IC50,0.066
Ki,0.066
IC50,0.066
IC50,0.066
IC50,0.066
IC50,0.0654
IC50,0.065
EC50,0.065
IC50,0.065
IC50,0.065
IC50,0.065
IC50,0.065
Ki,0.065
Ki,0.065
Ki,0.065
Ki,0.065
IC50,0.064
IC50,0.064
EC50,0.064
Ki,0.064
IC50,0.064
IC50,0.063
Ki,0.063
IC50,0.062
IC50,0.061
Ki,0.061
IC50,0.061
Ki,0.061
IC50,0.061
IC50,0.0608
IC50,0.06026
IC50,0.06
IC50,0.06
IC50,0.06
IC50,0.06
IC50,0.06
IC50,0.06
IC50,0.06
EC50,0.06
EC50,0.06
IC50,0.06
Ki,0.06
Ki,0.06
Ki,0.06
Kd,0.06
IC50,0.06
Kd,0.06
IC50,0.06
IC50,0.06
IC50,0.06
IC50,0.06
IC50,0.06
Kd,0.06
Kd,0.06
Kd,0.06
IC50,0.06
IC50,0.06
Kd,0.06
IC50,0.059
Ki,0.059
IC50,0.059
IC50,0.059
Ki,0.059
Ki,0.059
IC50,0.059
EC50,0.0584
IC50,0.0583
IC50,0.058
Ki,0.058
IC50,0.058
EC50,0.058
EC50,0.058
IC50,0.058
IC50,0.058
Ki,0.058
Ki,0.058
Ki,0.058
IC50,0.058
IC50,0.058
IC50,0.058
IC50,0.058
IC50,0.058
IC50,0.05754
IC50,0.05754
IC50,0.0571
Ki,0.057
Ki,0.057
IC50,0.057
EC50,0.057
Ki,0.057
Ki,0.057
IC50,0.0562
IC50,0.0561
IC50,0.056
IC50,0.056
IC50,0.056
IC50,0.056
IC50,0.056
IC50,0.056
IC50,0.056
EC50,0.056
IC50,0.056
Kd,0.056
Ki,0.056
Ki,0.056
Ki,0.056
Ki,0.056
Ki,0.056
Ki,0.056
Ki,0.056
Ki,0.056
IC50,0.056
IC50,0.0558
IC50,0.055
IC50,0.055
IC50,0.055
IC50,0.055
IC50,0.055
Ki,0.055
Ki,0.055
IC50,0.055
IC50,0.055
IC50,0.055
Kd,0.055
EC50,0.0547
IC50,0.0546
IC50,0.0546
Ki,0.054
IC50,0.054
IC50,0.054
IC50,0.054
Kd,0.054
Ki,0.054
IC50,0.054
IC50,0.054
IC50,0.0537
IC50,0.0532
Ki,0.053
IC50,0.053
EC50,0.053
Ki,0.053
IC50,0.053
Kd,0.053
EC50,0.053
Ki,0.053
IC50,0.0525
IC50,0.05248
IC50,0.0522
Ki,0.052
IC50,0.052
IC50,0.052
IC90,0.052
IC50,0.052
Ki,0.052
Ki,0.052
IC50,0.052
IC50,0.0514
IC50,0.0514
IC50,0.051
IC50,0.051
EC50,0.051
EC50,0.051
Ki,0.051
Ki,0.051
Ki,0.051
Ki,0.051
IC50,0.051
IC50,0.051
IC50,0.051
IC50,0.051
IC50,0.0507
IC50,0.05
IC50,0.05
IC50,0.05
Ki,0.05
Ki,0.05
IC50,0.05
IC50,0.05
IC50,0.05
IC50,0.05
EC50,0.05
IC90,0.05
Kd,0.05
Kd,0.05
Kd,0.05
IC50,0.05
IC50,0.05
IC50,0.05
IC50,0.05
IC50,0.05
IC50,0.05
IC50,0.05
IC50,0.05
IC50,0.05
IC50,0.05
Ki,0.05
Ki,0.05
IC50,0.05
IC50,0.05
Kd,0.05
IC50,0.05
IC50,0.05
IC50,0.05
IC50,0.05
IC50,0.05
Kd,0.05
IC50,0.05
IC50,0.05
IC50,0.05
IC50,0.05
IC50,0.05
IC50,0.05
IC50,0.05
IC50,0.05
IC50,0.05
IC50,0.05
IC50,0.05
IC50,0.05
IC50,0.05
IC50,0.05
IC50,0.05
IC50,0.05
IC50,0.05
IC50,0.05
IC50,0.05
IC50,0.05
IC50,0.05
IC50,0.05
IC50,0.05
IC50,0.05
IC50,0.05
IC50,0.05
IC50,0.0498
IC50,0.0498
IC50,0.0498
IC50,0.049
IC50,0.049
IC50,0.049
Kd,0.049
EC50,0.049
Ki,0.049
IC50,0.049
IC50,0.049
IC50,0.049
IC50,0.04898
IC50,0.0485
Ki,0.048
Ki,0.048
Ki,0.048
Ki,0.048
Ki,0.048
Ki,0.048
Ki,0.048
Ki,0.048
IC50,0.047
Ki,0.047
IC50,0.047
Ki,0.047
IC50,0.047
IC50,0.047
Ki,0.047
Ki,0.047
Ki,0.047
Ki,0.047
IC50,0.047
IC50,0.047
IC50,0.047
IC50,0.047
IC50,0.04677
IC50,0.04677
IC50,0.04612
IC50,0.046
IC50,0.046
IC50,0.046
IC50,0.046
IC50,0.046
IC50,0.046
IC50,0.046
IC50,0.046
EC50,0.046
Kd,0.046
IC90,0.046
Kd,0.046
IC50,0.0455
EC50,0.0455
IC50,0.045
Ki,0.045
Ki,0.045
Ki,0.045
IC50,0.045
IC50,0.045
IC50,0.045
EC90,0.045
IC50,0.045
EC50,0.045
IC50,0.045
IC50,0.045
IC50,0.045
Ki,0.045
IC50,0.045
IC50,0.045
IC50,0.0445
IC50,0.0443
IC50,0.044
Ki,0.044
IC50,0.044
IC50,0.044
IC50,0.044
Ki,0.044
Ki,0.044
Ki,0.044
Ki,0.044
Ki,0.044
IC50,0.044
IC50,0.044
IC50,0.0438
IC50,0.0438
IC50,0.0437
IC50,0.0434
Ki,0.043
EC50,0.043
IC50,0.043
Ki,0.043
Ki,0.043
Ki,0.043
IC50,0.043
IC50,0.0429
IC50,0.0426
IC50,0.04239
IC50,0.042
IC50,0.042
Ki,0.042
IC50,0.042
IC50,0.042
IC50,0.042
IC50,0.042
Kd,0.042
Kd,0.042
Ki,0.042
Ki,0.042
Ki,0.042
Ki,0.042
Ki,0.042
IC50,0.042
IC50,0.042
IC50,0.042
IC50,0.042
IC50,0.042
IC50,0.0419
IC50,0.04169
Ki,0.0415
Ki,0.041
Ki,0.041
Ki,0.041
IC50,0.041
IC50,0.041
IC50,0.041
IC50,0.041
Ki,0.041
Ki,0.041
Ki,0.041
Ki,0.041
IC50,0.041
IC50,0.041
IC50,0.04074
EC50,0.0406
IC50,0.0404
IC50,0.04012
IC50,0.04
IC50,0.04
IC50,0.04
IC50,0.04
IC50,0.04
IC50,0.04
EC50,0.04
IC50,0.04
IC50,0.04
IC50,0.04
IC50,0.04
IC50,0.04
IC50,0.04
Ki,0.04
Ki,0.04
Ki,0.04
Ki,0.04
Ki,0.04
Kd,0.04
Kd,0.04
IC50,0.04
Kd,0.04
Kd,0.04
Kd,0.04
IC50,0.04
IC50,0.04
IC50,0.04
IC50,0.04
IC50,0.03981
IC50,0.0398
IC50,0.0398
IC50,0.0397
IC50,0.03961
Ki,0.0396
IC50,0.0391
IC50,0.039
Ki,0.039
IC50,0.039
EC50,0.039
EC50,0.039
IC50,0.039
EC50,0.039
Ki,0.039
Kd,0.039
Ki,0.039
IC50,0.039
IC50,0.039
IC50,0.03802
Ki,0.038
Ki,0.038
IC50,0.038
IC50,0.038
IC50,0.038
IC50,0.038
IC50,0.038
Ki,0.038
IC50,0.038
IC50,0.0379
IC50,0.0375
IC50,0.03715
IC50,0.037
IC50,0.037
Ki,0.037
Ki,0.037
Ki,0.037
IC50,0.037
IC50,0.037
IC50,0.037
IC50,0.037
IC50,0.037
IC50,0.0365
IC50,0.036
IC50,0.036
IC50,0.036
IC50,0.036
IC50,0.036
IC50,0.036
IC50,0.036
IC50,0.036
IC50,0.036
EC50,0.036
IC50,0.036
IC50,0.036
IC50,0.036
IC50,0.036
IC50,0.036
IC50,0.036
IC50,0.036
IC50,0.0356
IC50,0.03552
IC50,0.03548
IC50,0.03548
IC50,0.03544
IC50,0.0354
IC50,0.0352
IC50,0.035
IC50,0.035
IC50,0.035
Ki,0.035
Ki,0.035
IC50,0.035
IC50,0.035
IC50,0.035
IC50,0.035
Kd,0.035
Ki,0.035
IC50,0.035
IC50,0.035
IC50,0.035
IC50,0.035
IC50,0.035
IC50,0.0346
IC50,0.0345
IC50,0.034
Ki,0.034
Ki,0.034
Kd,0.034
Kd,0.034
Ki,0.034
Ki,0.034
IC50,0.034
IC50,0.0339
IC50,0.03311
IC50,0.033
IC50,0.033
Ki,0.033
IC50,0.033
Ki,0.033
IC50,0.033
IC50,0.033
Kd,0.033
IC50,0.033
Ki,0.033
Ki,0.033
Ki,0.033
EC50,0.033
IC50,0.0324
IC50,0.0323
Ki,0.032
Ki,0.032
Ki,0.032
IC50,0.032
Ki,0.032
IC50,0.032
Ki,0.032
EC50,0.032
IC50,0.032
IC50,0.032
Kd,0.032
Ki,0.032
Ki,0.032
Ki,0.032
Ki,0.032
IC50,0.032
IC50,0.032
IC50,0.0319
IC50,0.03166
IC50,0.03162
IC50,0.0316
IC50,0.031
Ki,0.031
EC50,0.031
Ki,0.031
EC50,0.031
Ki,0.031
EC50,0.031
Ki,0.031
IC50,0.031
EC50,0.031
EC50,0.031
Kd,0.031
Ki,0.031
Ki,0.031
Ki,0.031
IC50,0.031
IC50,0.0306
IC50,0.0305
IC50,0.0303
IC50,0.0302
IC50,0.03
IC50,0.03
IC50,0.03
IC50,0.03
IC50,0.03
IC50,0.03
IC50,0.03
Ki,0.03
Ki,0.03
EC50,0.03
Ki,0.03
IC50,0.03
IC50,0.03
IC50,0.03
IC50,0.03
IC50,0.03
IC50,0.03
IC50,0.03
EC50,0.03
IC50,0.03
IC50,0.03
IC50,0.03
IC50,0.03
EC50,0.03
Kd,0.03
Kd,0.03
Kd,0.03
Kd,0.03
Kd,0.03
Kd,0.03
Kd,0.03
Kd,0.03
Kd,0.03
Kd,0.03
Kd,0.03
Kd,0.03
Kd,0.03
Kd,0.03
Kd,0.03
Kd,0.03
Kd,0.03
Kd,0.03
Kd,0.03
Kd,0.03
Kd,0.03
Kd,0.03
Kd,0.03
EC50,0.03
IC50,0.03
EC50,0.03
IC50,0.03
Ki,0.03
Ki,0.03
Kd,0.03
Kd,0.03
Kd,0.03
IC50,0.03
IC50,0.03
IC50,0.03
IC50,0.03
IC50,0.03
Kd,0.03
Kd,0.03
Kd,0.03
IC50,0.03
IC50,0.03
Kd,0.03
IC50,0.03
IC50,0.03
IC50,0.03
IC50,0.03
IC50,0.03
IC50,0.03
Kd,0.03
Kd,0.03
EC50,0.03
IC50,0.0298
IC50,0.0298
IC50,0.0298
IC50,0.02951
IC50,0.0295
IC50,0.0295
IC50,0.0295
IC50,0.0291
Ki,0.029
IC50,0.029
EC50,0.029
Ki,0.029
IC50,0.029
EC50,0.029
IC50,0.029
IC50,0.029
IC50,0.029
IC50,0.029
IC50,0.029
IC50,0.029
IC50,0.029
Ki,0.029
IC50,0.029
IC50,0.029
IC50,0.029
IC50,0.029
IC50,0.02884
IC50,0.0288
IC50,0.0285
IC50,0.02818
IC50,0.02818
IC50,0.02818
IC50,0.0281
EC50,0.028
Ki,0.028
EC50,0.028
IC50,0.028
IC50,0.028
Ki,0.028
Ki,0.028
Ki,0.028
IC50,0.028
IC50,0.028
IC50,0.028
IC50,0.028
IC50,0.0276
EC50,0.0272
IC50,0.0272
IC50,0.027
IC50,0.027
Ki,0.027
Ki,0.027
IC50,0.027
IC50,0.027
IC50,0.027
IC50,0.027
EC50,0.027
IC50,0.027
EC50,0.027
IC50,0.027
IC50,0.027
Ki,0.027
Ki,0.027
IC50,0.027
IC50,0.027
IC50,0.027
IC50,0.027
IC50,0.027
IC50,0.027
IC50,0.027
IC50,0.02692
EC50,0.0266
IC50,0.0262
IC50,0.026
IC50,0.026
Ki,0.026
Ki,0.026
IC50,0.026
IC50,0.026
IC50,0.026
Ki,0.026
EC50,0.026
EC50,0.026
EC50,0.026
IC50,0.026
Ki,0.026
Ki,0.026
IC50,0.026
IC50,0.026
IC50,0.026
IC50,0.0258
IC50,0.0258
IC50,0.0256
IC50,0.0256
IC50,0.025
IC50,0.025
IC50,0.025
IC50,0.025
IC50,0.025
IC50,0.025
IC50,0.025
Ki,0.025
Ki,0.025
Ki,0.025
EC50,0.025
IC50,0.025
IC50,0.025
IC50,0.025
IC50,0.025
IC50,0.025
IC50,0.025
IC50,0.025
EC50,0.025
IC50,0.025
IC50,0.025
IC50,0.025
IC50,0.025
IC50,0.025
IC50,0.025
Ki,0.025
Ki,0.025
Ki,0.025
IC50,0.025
IC50,0.025
IC50,0.025
IC50,0.025
IC50,0.025
IC50,0.0249
IC50,0.02477
IC50,0.0245
EC50,0.0244
EC50,0.0241
IC50,0.024
Ki,0.024
EC50,0.024
IC50,0.024
IC50,0.024
EC50,0.024
IC50,0.024
EC50,0.024
IC50,0.024
IC50,0.024
Ki,0.024
Ki,0.024
Ki,0.024
IC50,0.024
IC50,0.024
IC50,0.023
IC50,0.023
Ki,0.023
Ki,0.023
Ki,0.023
IC50,0.023
IC50,0.023
IC50,0.023
IC50,0.023
Ki,0.023
Ki,0.023
IC50,0.023
EC50,0.023
IC50,0.023
Ki,0.023
Ki,0.023
Ki,0.023
Ki,0.023
IC50,0.023
IC50,0.023
IC50,0.023
IC50,0.023
IC50,0.023
IC50,0.023
IC50,0.023
EC50,0.023
IC50,0.0226
IC50,0.02256
IC50,0.0224
IC50,0.0224
IC50,0.0221
Ki,0.022
EC50,0.022
Ki,0.022
IC50,0.022
IC50,0.022
IC50,0.022
IC50,0.022
EC50,0.022
IC50,0.022
EC50,0.022
EC50,0.022
EC50,0.022
IC50,0.022
IC50,0.022
Ki,0.022
Ki,0.022
Ki,0.022
Ki,0.022
Ki,0.022
Ki,0.022
Ki,0.022
Ki,0.022
IC50,0.022
IC50,0.022
Kd,0.022
Kd,0.022
IC50,0.022
IC50,0.022
EC50,0.022
IC50,0.02188
IC50,0.0218
IC50,0.0218
IC50,0.0217
IC50,0.0216
IC50,0.021
EC50,0.021
EC50,0.021
Ki,0.021
IC50,0.021
IC50,0.021
EC50,0.021
IC50,0.021
Ki,0.021
Ki,0.021
Ki,0.021
Ki,0.021
IC50,0.021
IC50,0.021
IC50,0.021
IC50,0.021
IC50,0.0209
IC50,0.02043
Kd,0.0203
IC50,0.02
IC50,0.02
IC50,0.02
IC50,0.02
IC50,0.02
IC50,0.02
IC50,0.02
IC50,0.02
Ki,0.02
EC50,0.02
IC50,0.02
IC50,0.02
IC50,0.02
IC50,0.02
IC50,0.02
IC50,0.02
IC50,0.02
IC50,0.02
Ki,0.02
EC50,0.02
EC50,0.02
EC50,0.02
IC50,0.02
IC50,0.02
IC50,0.02
IC50,0.02
IC50,0.02
IC50,0.02
IC50,0.02
IC50,0.02
EC50,0.02
EC50,0.02
EC50,0.02
EC50,0.02
EC50,0.02
IC50,0.02
IC50,0.02
IC50,0.02
IC50,0.02
IC50,0.02
IC50,0.02
IC50,0.02
IC50,0.02
IC50,0.02
IC50,0.02
IC50,0.02
IC50,0.02
Ki,0.02
Ki,0.02
Ki,0.02
Ki,0.02
Ki,0.02
Kd,0.02
Kd,0.02
IC50,0.02
IC50,0.02
IC50,0.02
IC50,0.02
Kd,0.02
IC50,0.02
IC50,0.02
IC50,0.02
IC50,0.02
IC50,0.02
IC50,0.02
IC50,0.0198
IC50,0.0198
EC50,0.0197
IC50,0.0191
IC50,0.019
Kd,0.019
IC50,0.019
Ki,0.019
Ki,0.019
Ki,0.019
Ki,0.019
IC50,0.019
IC50,0.019
IC50,0.019
IC50,0.019
IC50,0.019
IC50,0.019
IC50,0.019
Ki,0.019
Ki,0.019
Ki,0.019
Ki,0.019
Ki,0.019
Ki,0.019
IC50,0.019
IC50,0.019
IC50,0.019
IC50,0.019
IC50,0.019
IC50,0.0189
IC50,0.0187
EC50,0.0186
IC50,0.0186
EC50,0.0185
Ki,0.0184
EC50,0.0181
IC50,0.018
Ki,0.018
EC50,0.018
Ki,0.018
EC50,0.018
EC50,0.018
EC50,0.018
IC50,0.018
IC50,0.018
IC50,0.018
IC50,0.018
IC50,0.018
IC50,0.018
EC50,0.018
IC50,0.018
IC50,0.018
IC50,0.018
EC50,0.018
IC50,0.018
Ki,0.018
Ki,0.018
Ki,0.018
Ki,0.018
IC50,0.018
IC50,0.018
IC50,0.018
IC50,0.018
IC50,0.018
EC50,0.0179
IC50,0.0179
IC50,0.0179
IC50,0.0177
IC50,0.0176
IC50,0.01733
IC50,0.017
Ki,0.017
Ki,0.017
Ki,0.017
Ki,0.017
EC50,0.017
IC50,0.017
IC50,0.017
IC50,0.017
Ki,0.017
IC50,0.017
IC50,0.017
Ki,0.017
Ki,0.017
IC50,0.017
IC50,0.017
EC50,0.017
IC50,0.017
Ki,0.017
Ki,0.017
IC50,0.017
IC50,0.017
IC50,0.017
IC50,0.017
IC50,0.017
EC50,0.017
IC50,0.01698
IC50,0.0169
EC50,0.0169
IC50,0.01675
IC50,0.0167
EC50,0.0166
IC50,0.01622
IC50,0.016
IC50,0.016
EC50,0.016
EC50,0.016
Ki,0.016
EC50,0.016
IC50,0.016
IC50,0.016
IC50,0.016
IC50,0.016
IC50,0.016
IC50,0.016
IC50,0.016
IC50,0.016
IC50,0.016
Ki,0.016
IC50,0.016
IC50,0.016
IC50,0.016
IC50,0.016
IC50,0.016
IC50,0.016
IC50,0.016
EC50,0.016
EC50,0.016
IC50,0.016
IC50,0.016
IC50,0.016
IC50,0.016
IC50,0.016
Ki,0.016
Ki,0.016
Ki,0.016
Ki,0.016
Ki,0.016
IC50,0.016
Kd,0.016
EC50,0.016
IC50,0.0158
Ki,0.0158
IC50,0.0158
IC50,0.0158
Kd,0.0157
IC50,0.0157
IC50,0.0156
IC50,0.0155
IC50,0.01549
EC50,0.0154
EC50,0.0152
IC50,0.0152
IC50,0.0152
IC50,0.01504
Ki,0.015
IC50,0.015
IC50,0.015
IC50,0.015
Ki,0.015
Ki,0.015
Ki,0.015
EC50,0.015
EC50,0.015
Ki,0.015
IC50,0.015
IC50,0.015
IC50,0.015
IC50,0.015
IC50,0.015
IC50,0.015
IC50,0.015
IC50,0.015
IC50,0.015
EC50,0.015
IC50,0.015
IC50,0.015
Kd,0.015
EC50,0.015
IC50,0.015
IC50,0.015
IC50,0.015
IC50,0.015
IC50,0.015
Ki,0.015
Ki,0.015
IC50,0.015
IC50,0.015
IC50,0.015
IC50,0.015
Kd,0.015
IC50,0.015
IC50,0.015
IC50,0.015
IC50,0.015
EC50,0.015
IC50,0.0147
Ki,0.0143
IC50,0.0142
IC50,0.014
Ki,0.014
IC50,0.014
IC50,0.014
EC50,0.014
IC50,0.014
EC50,0.014
IC50,0.014
IC50,0.014
IC50,0.014
IC50,0.014
IC50,0.014
IC50,0.014
IC50,0.014
IC50,0.014
IC50,0.014
Ki,0.014
EC50,0.014
IC50,0.014
Ki,0.014
Ki,0.014
Ki,0.014
Ki,0.014
Ki,0.014
Ki,0.014
Ki,0.014
Ki,0.014
Ki,0.014
Ki,0.014
IC50,0.014
Kd,0.014
IC50,0.014
IC50,0.014
EC50,0.0139
IC50,0.0138
IC50,0.0137
IC50,0.0137
IC50,0.0133
IC50,0.0133
IC50,0.0131
IC50,0.013
IC50,0.013
IC50,0.013
Ki,0.013
EC50,0.013
Ki,0.013
Ki,0.013
EC50,0.013
IC50,0.013
IC50,0.013
IC50,0.013
IC50,0.013
IC50,0.013
IC50,0.013
IC50,0.013
IC50,0.013
IC50,0.013
IC50,0.013
Ki,0.013
EC50,0.013
IC50,0.013
IC50,0.013
IC50,0.013
IC50,0.013
IC50,0.013
EC50,0.013
IC50,0.013
Ki,0.013
Ki,0.013
Ki,0.013
Ki,0.013
IC50,0.013
IC50,0.013
IC50,0.013
IC50,0.013
EC50,0.013
EC50,0.013
IC50,0.0126
Ki,0.0125
EC50,0.0124
IC50,0.012
IC50,0.012
IC50,0.012
IC50,0.012
IC50,0.012
IC50,0.012
Ki,0.012
IC50,0.012
Ki,0.012
EC50,0.012
EC50,0.012
IC50,0.012
IC50,0.012
IC50,0.012
IC50,0.012
IC50,0.012
IC50,0.012
IC50,0.012
EC50,0.012
IC50,0.012
IC50,0.012
IC50,0.012
IC50,0.012
IC50,0.012
Ki,0.012
EC50,0.012
EC50,0.012
IC50,0.012
IC50,0.012
IC50,0.012
IC50,0.012
IC50,0.012
Ki,0.012
IC50,0.012
IC50,0.012
IC50,0.012
Ki,0.012
Ki,0.012
Ki,0.012
Ki,0.012
Ki,0.012
IC50,0.012
IC50,0.012
IC50,0.012
IC50,0.012
EC50,0.012
IC50,0.0119
EC50,0.0118
Ki,0.0117
EC50,0.0117
IC50,0.0114
IC50,0.0114
Ki,0.0112
IC50,0.0112
Ki,0.011
Ki,0.011
Ki,0.011
Ki,0.011
Ki,0.011
IC50,0.011
EC50,0.011
IC50,0.011
IC50,0.011
IC50,0.011
Ki,0.011
EC50,0.011
EC50,0.011
Ki,0.011
IC50,0.011
IC50,0.011
IC50,0.011
IC50,0.011
IC50,0.011
Ki,0.011
Ki,0.011
Ki,0.011
Ki,0.011
IC50,0.011
Kd,0.011
Kd,0.011
IC50,0.011
IC50,0.011
IC50,0.01096
IC50,0.0109
IC50,0.01084
IC50,0.0108
EC50,0.0108
IC50,0.0108
Ki,0.0106
Ki,0.0106
IC50,0.0106
IC50,0.0105
IC50,0.0103
IC50,0.0103
IC50,0.01023
Ki,0.0102
IC50,0.0102
IC50,0.0102
IC50,0.01
IC50,0.01
EC50,0.01
Ki,0.01
Ki,0.01
IC50,0.01
Ki,0.01
Ki,0.01
Ki,0.01
IC50,0.01
IC50,0.01
IC50,0.01
Ki,0.01
IC50,0.01
IC50,0.01
IC50,0.01
IC50,0.01
IC50,0.01
IC50,0.01
Ki,0.01
IC50,0.01
IC50,0.01
EC50,0.01
EC50,0.01
IC50,0.01
IC50,0.01
IC50,0.01
IC50,0.01
IC50,0.01
Ki,0.01
Ki,0.01
Ki,0.01
Ki,0.01
Ki,0.01
Ki,0.01
Ki,0.01
Ki,0.01
Ki,0.01
Kd,0.01
Kd,0.01
Kd,0.01
Kd,0.01
Kd,0.01
Kd,0.01
Kd,0.01
Kd,0.01
Kd,0.01
Kd,0.01
IC50,0.01
IC50,0.01
IC50,0.01
Kd,0.01
Kd,0.01
Kd,0.01
Kd,0.01
IC50,0.01
Kd,0.01
Kd,0.01
Kd,0.01
Kd,0.01
Kd,0.01
Kd,0.01
Kd,0.01
Kd,0.01
IC50,0.01
IC50,0.01
IC50,0.009931
IC50,0.0099
IC50,0.0099
IC50,0.0098
Ki,0.0098
IC50,0.0098
IC50,0.0098
IC50,0.0097
EC50,0.0097
IC50,0.0097
IC50,0.00959
IC50,0.00955
IC50,0.0095
EC50,0.00947
IC50,0.00945
Ki,0.0094
Ki,0.0094
Ki,0.0094
Ki,0.0094
EC50,0.00933
IC50,0.0093
EC50,0.0093
IC50,0.009204
IC50,0.0092
IC50,0.00918
Ki,0.0091
Ki,0.0091
EC50,0.0091
Ki,0.0091
IC50,0.0091
IC50,0.0091
IC50,0.0091
EC50,0.009
EC50,0.009
Ki,0.009
Ki,0.009
Ki,0.009
Ki,0.009
EC50,0.009
Ki,0.009
EC50,0.009
EC50,0.009
Ki,0.009
Ki,0.009
Ki,0.009
Ki,0.009
IC50,0.009
IC50,0.009
IC50,0.009
IC50,0.009
IC50,0.009
Ki,0.009
EC50,0.009
IC50,0.009
IC50,0.009
IC50,0.009
IC50,0.009
IC50,0.009
Ki,0.009
EC50,0.009
Ki,0.009
EC50,0.009
IC50,0.009
IC50,0.009
IC50,0.009
EC50,0.009
Ki,0.009
Ki,0.009
IC50,0.009
IC50,0.009
Ki,0.009
Ki,0.009
Ki,0.009
Ki,0.009
Ki,0.009
Ki,0.009
IC50,0.009
Kd,0.009
IC50,0.0089
IC50,0.0089
IC50,0.0089
IC50,0.0089
Ki,0.0088
IC50,0.0088
Ki,0.0087
IC50,0.0087
IC50,0.0087
IC50,0.0087
Kd,0.0086
IC50,0.0085
IC50,0.0085
IC50,0.0085
EC50,0.00848
IC50,0.00841
Ki,0.0084
IC50,0.00839
IC50,0.0083
IC50,0.0083
Ki,0.0082
IC50,0.0082
IC50,0.0082
Ki,0.0081
IC50,0.0081
EC50,0.0081
IC50,0.00805
Ki,0.008
Ki,0.008
Ki,0.008
Ki,0.008
Ki,0.008
IC50,0.008
Ki,0.008
Ki,0.008
Ki,0.008
EC50,0.008
Ki,0.008
EC50,0.008
IC50,0.008
IC50,0.008
IC50,0.008
IC50,0.008
IC50,0.008
IC50,0.008
IC50,0.008
IC50,0.008
IC50,0.008
IC50,0.008
Ki,0.008
IC50,0.008
IC50,0.008
Ki,0.008
EC50,0.008
EC50,0.008
IC50,0.008
IC50,0.008
IC50,0.008
Ki,0.008
Ki,0.008
Ki,0.008
Ki,0.008
Ki,0.008
Ki,0.008
Ki,0.008
IC50,0.008
IC50,0.008
IC50,0.008
EC50,0.008
IC50,0.007943
EC50,0.0078
Ki,0.0077
IC50,0.00762
IC50,0.0076
IC50,0.0076
EC50,0.0076
IC50,0.00754
Ki,0.0075
Ki,0.0075
IC50,0.0074
IC50,0.00735
IC50,0.0073
IC50,0.0073
IC50,0.0073
IC50,0.0073
IC50,0.00724
Ki,0.0072
IC50,0.0072
IC50,0.0072
IC50,0.0072
IC50,0.0072
IC50,0.0072
IC50,0.00715
IC50,0.0071
IC50,0.0071
IC50,0.0071
IC50,0.0071
Ki,0.007
Ki,0.007
Ki,0.007
Ki,0.007
Ki,0.007
Ki,0.007
Ki,0.007
Ki,0.007
Ki,0.007
EC50,0.007
IC50,0.007
IC50,0.007
IC50,0.007
IC50,0.007
IC50,0.007
IC50,0.007
EC50,0.007
Ki,0.007
IC50,0.007
IC50,0.007
EC50,0.007
Ki,0.007
IC50,0.007
IC50,0.007
IC50,0.007
IC50,0.007
IC50,0.007
IC50,0.007
Ki,0.007
Ki,0.007
Ki,0.007
Ki,0.007
Ki,0.007
Ki,0.007
Ki,0.007
Ki,0.007
IC50,0.007
EC50,0.00694
Ki,0.0069
IC50,0.0069
IC50,0.0069
EC50,0.0069
EC50,0.0069
IC50,0.0068
Ki,0.0068
Ki,0.0068
Ki,0.0068
IC50,0.0068
Ki,0.0068
EC50,0.0068
DC50,0.00672
IC50,0.0067
EC50,0.0067
IC50,0.0067
IC50,0.0067
IC50,0.006643
IC50,0.0066
IC50,0.0066
IC50,0.0066
IC50,0.0065
IC50,0.0065
IC50,0.0065
IC50,0.0065
Ki,0.0064
Ki,0.0064
Ki,0.0063
Ki,0.0063
IC50,0.0063
IC50,0.0063
EC50,0.0063
IC50,0.0063
IC50,0.0063
Ki,0.0063
IC50,0.0063
IC50,0.0063
IC50,0.00629
IC50,0.0062
IC50,0.0062
IC50,0.00618
IC50,0.006166
IC50,0.00616
IC50,0.00616
EC50,0.0061
IC50,0.0061
IC50,0.0061
IC50,0.0061
IC50,0.006026
IC50,0.006
Ki,0.006
Ki,0.006
Ki,0.006
Ki,0.006
Ki,0.006
Ki,0.006
Ki,0.006
Ki,0.006
EC50,0.006
Ki,0.006
Ki,0.006
EC50,0.006
Ki,0.006
Ki,0.006
Ki,0.006
EC50,0.006
IC50,0.006
IC50,0.006
IC50,0.006
IC50,0.006
IC50,0.006
IC50,0.006
IC50,0.006
IC50,0.006
EC50,0.006
IC50,0.006
IC50,0.006
IC50,0.006
IC50,0.006
IC50,0.006
IC50,0.006
IC50,0.006
Ki,0.006
EC50,0.006
EC50,0.006
Ki,0.006
Ki,0.006
EC50,0.006
EC50,0.006
EC50,0.006
EC50,0.006
Ki,0.006
Ki,0.006
Ki,0.006
Ki,0.006
Ki,0.006
IC50,0.006
IC50,0.006
IC50,0.006
IC50,0.006
EC50,0.006
IC50,0.006
IC50,0.006
IC50,0.006
IC50,0.006
Ki,0.006
Ki,0.006
Ki,0.006
Ki,0.006
Ki,0.006
Ki,0.006
Ki,0.006
Ki,0.006
Ki,0.006
Ki,0.006
Ki,0.006
Ki,0.006
Ki,0.006
Ki,0.006
Ki,0.006
Ki,0.006
IC50,0.006
IC50,0.006
IC50,0.006
IC50,0.006
IC50,0.006
EC50,0.00594
Ki,0.0059
Ki,0.0059
Ki,0.0059
IC50,0.0059
IC50,0.0059
IC50,0.00585
Ki,0.0058
Ki,0.0058
IC50,0.0058
IC50,0.0058
IC50,0.0058
IC50,0.0058
Ki,0.0057
IC50,0.0057
IC50,0.0057
IC50,0.0057
IC50,0.0057
IC50,0.0057
Ki,0.0056
IC50,0.0056
IC50,0.0056
IC50,0.0056
IC50,0.0055
IC50,0.0055
EC50,0.0055
EC50,0.00548
Ki,0.0054
IC50,0.0054
IC50,0.0054
IC50,0.0054
IC50,0.0053
IC50,0.00527
IC50,0.00522
Ki,0.0052
IC50,0.0052
IC50,0.0052
IC50,0.0052
IC50,0.0052
IC50,0.0052
IC50,0.00518
IC50,0.0051
EC50,0.0051
IC50,0.0051
IC50,0.0051
IC50,0.0051
IC50,0.0051
IC50,0.0051
IC50,0.005012
IC50,0.005
IC50,0.005
Ki,0.005
Ki,0.005
Ki,0.005
Ki,0.005
Ki,0.005
Ki,0.005
Ki,0.005
Ki,0.005
IC50,0.005
Ki,0.005
Ki,0.005
Ki,0.005
Ki,0.005
EC50,0.005
Ki,0.005
Ki,0.005
Ki,0.005
Ki,0.005
Ki,0.005
EC50,0.005
IC50,0.005
IC50,0.005
IC50,0.005
IC50,0.005
IC50,0.005
IC50,0.005
IC50,0.005
IC50,0.005
IC50,0.005
IC50,0.005
Ki,0.005
Ki,0.005
IC50,0.005
IC50,0.005
IC50,0.005
IC50,0.005
IC50,0.005
IC50,0.005
IC50,0.005
IC50,0.005
Ki,0.005
Ki,0.005
EC50,0.005
IC50,0.005
IC50,0.005
IC50,0.005
Ki,0.005
Ki,0.005
Ki,0.005
Ki,0.005
Ki,0.005
Ki,0.005
Ki,0.005
Ki,0.005
Ki,0.005
Ki,0.005
Ki,0.005
Ki,0.005
Ki,0.005
Ki,0.005
Ki,0.005
Ki,0.005
Ki,0.005
Ki,0.005
Ki,0.005
IC50,0.005
IC50,0.005
IC50,0.005
EC50,0.005
IC50,0.005
Ki,0.0049
IC50,0.0049
IC50,0.0049
EC50,0.0049
IC50,0.004898
IC50,0.0048
IC50,0.0048
IC50,0.0048
EC50,0.0048
IC50,0.00473
IC50,0.0047
IC50,0.0047
IC50,0.0047
EC50,0.00469
IC50,0.0046
IC50,0.0046
Ki,0.0045
Ki,0.0045
Ki,0.0045
IC50,0.0045
IC50,0.0045
IC50,0.0045
IC50,0.0045
EC50,0.0044
IC50,0.0043
EC50,0.0043
IC50,0.00423
Ki,0.0042
IC50,0.0042
Ki,0.0042
IC50,0.0042
IC50,0.00419
IC50,0.0041
Ki,0.0041
IC50,0.0041
IC50,0.00402
Ki,0.004
Ki,0.004
EC50,0.004
Ki,0.004
EC50,0.004
EC50,0.004
Ki,0.004
Ki,0.004
Ki,0.004
Ki,0.004
Ki,0.004
EC50,0.004
EC50,0.004
Ki,0.004
EC50,0.004
EC50,0.004
IC50,0.004
Ki,0.004
IC50,0.004
IC50,0.004
IC50,0.004
IC50,0.004
IC50,0.004
IC50,0.004
IC50,0.004
Ki,0.004
EC50,0.004
EC50,0.004
EC50,0.004
Ki,0.004
Ki,0.004
Ki,0.004
EC50,0.004
EC50,0.004
EC50,0.004
Ki,0.004
IC50,0.004
IC50,0.004
EC50,0.004
Ki,0.004
Ki,0.004
Ki,0.004
Ki,0.004
Ki,0.004
Ki,0.004
Ki,0.004
Ki,0.004
Ki,0.004
Ki,0.004
Ki,0.004
Ki,0.004
Ki,0.004
Ki,0.004
Ki,0.004
Ki,0.004
Ki,0.004
Ki,0.004
Ki,0.004
Ki,0.004
Ki,0.004
Ki,0.004
Ki,0.004
IC50,0.004
EC50,0.004
IC50,0.0039
IC50,0.0039
IC50,0.0039
IC50,0.0039
IC50,0.00389
IC50,0.00389
EC50,0.00381
IC50,0.0038
Ki,0.0038
IC50,0.0038
Ki,0.0038
IC50,0.0038
IC50,0.0038
IC50,0.0038
IC50,0.0038
IC50,0.0038
IC50,0.0038
IC50,0.0038
IC50,0.0038
IC50,0.0038
EC50,0.0037
EC50,0.0037
EC50,0.0037
IC50,0.0037
IC50,0.0037
IC50,0.0037
IC50,0.0037
IC50,0.0037
IC50,0.00365
IC50,0.00363
IC50,0.0036
IC50,0.0036
Ki,0.0036
Ki,0.0036
EC50,0.0036
IC50,0.00359
IC50,0.00359
EC50,0.00357
IC50,0.003501
IC50,0.0035
Ki,0.0035
IC50,0.0035
Ki,0.0035
Ki,0.0035
IC50,0.0035
EC50,0.0035
EC50,0.0035
IC50,0.0034
EC50,0.0034
IC50,0.00335
IC50,0.003311
IC50,0.0033
EC50,0.0033
IC50,0.0033
IC50,0.0033
IC50,0.0033
IC50,0.0033
IC50,0.0033
IC50,0.0033
IC50,0.0033
IC50,0.0033
IC50,0.00329
Ki,0.0032
IC50,0.0032
IC50,0.0032
IC50,0.0032
IC50,0.0032
IC50,0.0032
Ki,0.0032
IC50,0.0032
IC50,0.0032
Ki,0.0032
EC50,0.0032
EC50,0.0032
IC50,0.003162
EC50,0.0031
Ki,0.0031
IC50,0.0031
IC50,0.0031
IC50,0.0031
IC50,0.0031
IC50,0.0031
IC50,0.0031
IC50,0.0031
IC50,0.0031
EC50,0.0031
IC50,0.00309
Ki,0.003
Ki,0.003
EC50,0.003
EC50,0.003
EC50,0.003
Ki,0.003
EC50,0.003
EC50,0.003
Ki,0.003
Ki,0.003
EC50,0.003
EC50,0.003
IC50,0.003
IC50,0.003
IC50,0.003
EC50,0.003
Ki,0.003
Ki,0.003
Ki,0.003
EC50,0.003
Ki,0.003
Ki,0.003
EC50,0.003
IC50,0.003
Ki,0.003
Kd,0.003
IC50,0.003
EC50,0.003
Ki,0.003
Ki,0.003
Ki,0.003
Ki,0.003
Ki,0.003
Ki,0.003
Ki,0.003
Ki,0.003
Ki,0.003
Ki,0.003
Ki,0.003
Ki,0.003
Ki,0.003
Ki,0.003
Ki,0.003
Ki,0.003
Ki,0.003
Ki,0.003
Ki,0.003
Ki,0.003
Ki,0.003
Ki,0.003
Ki,0.003
Ki,0.003
Ki,0.003
Ki,0.003
Ki,0.003
IC50,0.003
IC50,0.003
IC50,0.003
IC50,0.00297
Ki,0.0029
IC50,0.0029
Ki,0.0029
IC50,0.0029
IC50,0.0029
EC50,0.0029
EC50,0.0029
IC50,0.00288
IC50,0.0028
IC50,0.0028
IC50,0.0028
Ki,0.0028
Ki,0.0028
Ki,0.0028
IC50,0.00276
IC50,0.00276
IC50,0.0027
IC50,0.0027
IC50,0.0027
Ki,0.0027
Ki,0.0027
Ki,0.0027
Ki,0.0027
EC50,0.0027
IC50,0.00264
IC50,0.00263
IC50,0.00263
IC50,0.0026
IC50,0.0026
IC50,0.0026
IC50,0.0026
IC50,0.0026
Ki,0.0026
Ki,0.0026
IC50,0.0026
IC50,0.00258
IC50,0.00257
EC50,0.00251
IC50,0.0025
IC50,0.0025
IC50,0.0025
IC50,0.0025
Ki,0.0025
EC50,0.0025
EC50,0.0025
Ki,0.0025
Ki,0.0025
Ki,0.0025
Ki,0.0025
Ki,0.0025
IC50,0.0025
IC50,0.00248
IC50,0.002416
Ki,0.0024
IC50,0.0024
IC50,0.0024
IC50,0.0024
IC50,0.0024
IC50,0.0024
IC50,0.0024
Ki,0.0024
Ki,0.0024
Ki,0.0024
Ki,0.0024
IC50,0.0024
IC50,0.0024
EC50,0.0024
EC50,0.0024
IC50,0.00236
IC50,0.00235
IC50,0.0023
IC50,0.0023
IC50,0.0023
IC50,0.0023
Ki,0.0023
Ki,0.0023
Ki,0.0023
Ki,0.0023
Ki,0.0023
IC50,0.0023
IC50,0.0023
EC50,0.0023
IC50,0.0023
IC50,0.00229
IC50,0.00225
IC50,0.0022
Ki,0.0022
Ki,0.0022
EC50,0.0022
IC50,0.0022
Ki,0.0022
Ki,0.0022
Ki,0.0022
IC50,0.00214
IC50,0.00214
IC50,0.0021
IC50,0.0021
IC50,0.0021
Ki,0.0021
Ki,0.0021
Ki,0.0021
IC50,0.0021
IC50,0.00209
IC50,0.00208
IC50,0.00208
IC50,0.00202
IC50,0.00202
Ki,0.002
IC50,0.002
EC50,0.002
EC50,0.002
EC50,0.002
EC50,0.002
EC50,0.002
EC50,0.002
EC50,0.002
EC50,0.002
EC50,0.002
IC50,0.002
IC50,0.002
IC50,0.002
IC50,0.002
IC50,0.002
Ki,0.002
EC50,0.002
IC50,0.002
IC50,0.002
IC50,0.002
Ki,0.002
Ki,0.002
Ki,0.002
EC50,0.002
EC50,0.002
Ki,0.002
Ki,0.002
Ki,0.002
EC50,0.002
IC50,0.002
IC50,0.002
Ki,0.002
Ki,0.002
Ki,0.002
Ki,0.002
Ki,0.002
Ki,0.002
Ki,0.002
Ki,0.002
Ki,0.002
Ki,0.002
Ki,0.002
Ki,0.002
Ki,0.002
Ki,0.002
Ki,0.002
Ki,0.002
Ki,0.002
Ki,0.002
Ki,0.002
Ki,0.002
Ki,0.002
IC50,0.002
IC50,0.002
IC50,0.002
IC50,0.002
IC50,0.002
IC50,0.00198
IC50,0.00198
IC50,0.00195
IC50,0.00194
IC50,0.00194
Ki,0.00192
Ki,0.0019
IC50,0.0019
IC50,0.0019
Ki,0.0019
Ki,0.0019
Ki,0.0019
Ki,0.0019
Ki,0.0019
Ki,0.0019
Ki,0.0019
Ki,0.0019
IC50,0.0019
EC50,0.0019
IC50,0.00187
IC50,0.00184
IC50,0.00181
EC50,0.0018
IC50,0.0018
IC50,0.0018
IC50,0.0018
IC50,0.0018
Ki,0.0018
IC50,0.0018
Ki,0.0018
Ki,0.0018
Ki,0.0018
Ki,0.0018
Ki,0.0018
Ki,0.0018
Ki,0.0018
Ki,0.0018
Ki,0.0018
IC50,0.0018
IC50,0.00175
Ki,0.0017
EC50,0.0017
Kd,0.0017
Ki,0.0017
Ki,0.0017
Ki,0.0017
Ki,0.0017
Ki,0.0017
IC50,0.0017
IC50,0.0017
IC50,0.0017
EC50,0.0017
Ki,0.0016
Ki,0.0016
IC50,0.0016
IC50,0.0016
Ki,0.0016
IC50,0.0016
IC50,0.0016
IC50,0.0016
Ki,0.0016
Ki,0.0016
Ki,0.0016
Ki,0.0016
Ki,0.0016
Ki,0.0015
Ki,0.0015
Ki,0.0015
Ki,0.0015
Ki,0.0015
Ki,0.0015
Ki,0.0015
Ki,0.0015
Ki,0.0015
Ki,0.0015
Ki,0.0015
Ki,0.0015
Ki,0.0015
IC50,0.0015
IC50,0.0015
Ki,0.00148
IC50,0.001479
IC50,0.00146
IC50,0.0014
IC50,0.0014
IC50,0.0014
Ki,0.0014
EC50,0.0014
Ki,0.0014
Ki,0.0014
Ki,0.0014
IC50,0.0014
Ki,0.0014
Ki,0.0014
Ki,0.0014
Ki,0.0014
Ki,0.0014
Ki,0.0014
Ki,0.0014
Ki,0.0014
Ki,0.0014
Ki,0.0014
Ki,0.0014
Ki,0.0014
IC50,0.0014
IC50,0.0014
IC50,0.0014
Ki,0.0014
Ki,0.0014
Ki,0.0014
EC50,0.0014
IC50,0.00138
EC50,0.0013
IC50,0.0013
Ki,0.0013
Ki,0.0013
Ki,0.0013
Ki,0.0013
Ki,0.0013
Ki,0.0013
Ki,0.0013
Ki,0.0013
Ki,0.0013
Ki,0.0013
Ki,0.0013
Ki,0.0013
Ki,0.0013
Ki,0.0013
Ki,0.0013
Ki,0.0013
IC50,0.0013
IC50,0.0013
EC50,0.0013
EC50,0.0013
IC50,0.00129
IC50,0.00126
DC50,0.00126
Ki,0.0012
Ki,0.0012
Ki,0.0012
Ki,0.0012
Ki,0.0012
Ki,0.0012
Ki,0.0012
Ki,0.0012
Ki,0.0012
Ki,0.0012
Ki,0.0012
Ki,0.0012
Ki,0.0012
Ki,0.0012
Ki,0.0012
Ki,0.0012
Ki,0.0012
Ki,0.0012
IC50,0.0012
Ki,0.0012
IC50,0.001175
IC50,0.001175
IC50,0.001122
IC50,0.001122
IC50,0.0011
IC50,0.0011
IC50,0.0011
Ki,0.0011
Ki,0.0011
Ki,0.0011
Ki,0.0011
Ki,0.0011
Ki,0.0011
Ki,0.0011
Ki,0.0011
Ki,0.0011
Ki,0.0011
Ki,0.0011
Ki,0.0011
Ki,0.0011
Ki,0.0011
Ki,0.0011
Ki,0.0011
Ki,0.0011
IC50,0.0011
IC50,0.0011
IC50,0.0011
IC50,0.0011
IC50,0.001096
DC50,0.00108
IC50,0.001072
IC50,0.001
EC50,0.001
EC50,0.001
Ki,0.001
IC50,0.001
IC50,0.001
IC50,0.001
IC50,0.001
IC50,0.001
IC50,0.001
IC50,0.001
IC50,0.001
Ki,0.001
EC50,0.001
EC50,0.001
Ki,0.001
EC50,0.001
IC50,0.001
EC50,0.001
IC50,0.001
IC50,0.001
Ki,0.001
Ki,0.001
Ki,0.001
Ki,0.001
Ki,0.001
Ki,0.001
Ki,0.001
Ki,0.001
Ki,0.001
Ki,0.001
Ki,0.001
Ki,0.001
Ki,0.001
IC50,0.001
IC50,0.001
IC50,0.001
IC50,0.001
IC50,0.001
EC50,0.00099
Ki,0.00095
IC50,0.00091
EC50,0.0009
Ki,0.0009
Ki,0.0009
Ki,0.0009
Ki,0.0009
Ki,0.0009
IC50,0.0009
IC50,0.0009
IC50,0.0009
Ki,0.0009
Ki,0.0009
Ki,0.0009
Ki,0.0009
Ki,0.0009
Ki,0.0009
Ki,0.0009
Ki,0.0009
Ki,0.0009
IC50,0.0009
IC50,0.0009
IC50,0.0009
IC50,0.0009
IC50,0.0009
IC50,0.0009
IC50,0.0008318
IC50,0.0008318
IC50,0.0008044
Ki,0.0008
Ki,0.0008
Ki,0.0008
Ki,0.0008
Ki,0.0008
Ki,0.0008
Ki,0.0008
Ki,0.0008
Ki,0.0008
Ki,0.0008
Ki,0.0008
IC50,0.0008
IC50,0.0008
IC50,0.0008
IC50,0.0008
Ki,0.000787
Ki,0.00076
IC50,0.00074
IC50,0.00074
IC50,0.0007244
IC50,0.0007
Ki,0.0007
Ki,0.0007
Ki,0.0007
Ki,0.0007
Ki,0.0007
Ki,0.0007
Ki,0.0007
Ki,0.0007
Ki,0.0007
Ki,0.0007
Ki,0.0007
Ki,0.0007
Ki,0.0007
Ki,0.0007
Ki,0.0007
Ki,0.0007
IC50,0.0007
IC50,0.0006918
IC50,0.0006761
IC50,0.0006457
IC50,0.00063
IC50,0.0006
Ki,0.0006
Ki,0.0006
Ki,0.0006
Ki,0.0006
Ki,0.0006
Ki,0.0006
IC50,0.0006
IC50,0.0006
IC50,0.0006
IC50,0.0006
EC50,0.0006
IC50,0.00058
IC50,0.00057
IC50,0.00057
Ki,0.00056
IC50,0.00051
DC50,0.000509
IC50,0.0005
Ki,0.0005
Ki,0.0005
Ki,0.0005
IC50,0.0005
IC50,0.0005
EC50,0.0005
IC50,0.00049
IC50,0.00049
IC50,0.00047
IC50,0.0004365
Ki,0.0004
Ki,0.0004
Ki,0.0004
IC50,0.0004
IC50,0.0004
IC50,0.0004
IC50,0.0004
EC50,0.0004
Ki,0.000376
IC50,0.00031
Kd,0.00031
Ki,0.0003
Kd,0.00024
IC50,0.00023
IC50,0.0002
IC50,0.0002
IC50,0.0002
EC50,0.0002
IC50,0.00019
Ki,0.0001
Ki,0.0001
IC50,0.0001
IC50,0.0001
IC50,2.00E-05